body,title,url
"

¿Qué pasará el 6 de junio con los partidos, las elecciones y el gobierno? Es cierto que algo grave sucedió en México durante los años previos a la sucesión presidencial para tener un resultado como el de 2018. Se generó un realineamiento electoral por un hartazgo social, mucha corrupción, una inseguridad altísima y una gran impunidad. Ahora vamos a las elecciones intermedias y tenemos un escenario plagado de contradicciones y polarización.
 1.- El clima político ha generado una enorme descomposición en el sistema de partidos. Estamos muy cerca de lo que Rob Riemen escribió en su libro Para combatir esta era: “Los partidos políticos ya no tienen principios ni proyectos; la confianza en la política y en el gobierno ha disminuido a un nivel peligroso; las elecciones han sido reducidas a un carnaval de banalidades vacías de contenido” (p. 47). Después de la paliza que sufrieron los principales partidos políticos hace casi tres años, era esperable que aprendieran algo de la derrota, pero parece que siguen en las mismas. El partido gobernante atraviesa momentos complicados y está enredado con muchas de sus candidaturas.
 2.- Se han conformado dos grandes alianzas electorales, por una parte la que representa al actual gobierno con Morena al frente, el PT y el Verde; por la otra, los anteriores partidos dominantes, hoy en la oposición a nivel federal, PAN, PRI y PRD. En medio queda Movimiento Ciudadano, que va solo, y los tres nuevos partidos que no pueden hacer alianzas en la primera contienda que enfrentan. Contra principios, tradiciones y programas la oposición ha decidido juntarse por un interés meramente pragmático: ganarle a Morena y a AMLO la mayoría en la Cámara de diputados. Pero, ¿cuál es el proyecto común?, nadie sabe. Sólo se escuchan gritos para decir que se trata de frenar a la 4T por “autoritaria”. Bien lo dijo un panista inconforme con esa alianza: se quiere regresar a lo mismo por lo que la mayoría votó en contra en 2018. Al mismo tiempo, es lamentable la alianza entre Morena y el Verde, un partido que violenta sistemáticamente la legalidad y que ya habría perdido su registro si hubiera realmente estado de derecho.
 3.- Las candidaturas de todos los partidos están muy alejadas de un proceso democrático, como serían unas elecciones primarias. El control de la boleta electoral sigue en manos de las élites de cada partido. Y en el caso de Morena se hacen encuestas que generan más problemas de los que resuelven. La designación de candidaturas propicia fracturas, impugnaciones y malestar. En estas semanas hemos visto un carnaval de chapulines que brincan de un partido a otro pero sólo se representan a ellos mismos. La lista incluye también nombres reconocibles de cantantes, luchadores y deportistas. Hay graves escándalos, como el de Salgado Macedonio que acumula cinco acusaciones de abuso sexual y violaciones. Esa candidatura es una grave contradicción de Morena y ya logró la reprobación de múltiples colectivos feministas internos y externos al partido.
 4.- Hay confrontación entre los máximos organismos electorales. El INE decide hacer cumplir el Artículo 134 de la Constitución y restringir la difusión de las mañaneras y el Tribunal Electoral tira la resolución. Es muy preocupante tener un Tribunal, que tiene la última palabra en materia electoral, al servicio del gobierno. El problema es que se romperá la equidad en la contienda con la participación presidencial en las elecciones.
 Con estas piezas se construye el proceso electoral más grande: 21 mil cargos de elección popular, más de 174 mil casillas y 95 millones de electores. En estos tiempos hemos pasado de un realineamiento a una polarización y se han reducido los espacios de diálogo. Los comicios serán complicados por la crisis de salud y la caída económica. El ambiente público está envenenado por una confrontación cotidiana de narrativas entre el proyecto del gobierno y la oposición.
 Y, a pesar de todo, con el resultado del 6 de junio se gobernará la segunda mitad de este sexenio...
  

Investigador del CIESAS.
@AzizNassif
",,http://www.eluniversal.com.mx/opinion/alberto-aziz-nassif/del-realineamiento-la-polarizacion
"
El presidente Andrés Manuel López Obrador anunció este martes que envió una carta a los gobernadores para proponerles un acuerdo nacional para que no se intervenga en el próximo proceso electoral. 
En conferencia de prensa a la que asiste como invitado especial el presidente de Argentina, Alberto Fernández,  el titular del Ejecutivo federal llamó a los mandatarios locales a no permitir que se utilice el presupuesto público, ni que se apoye a ningún candidato de ningún partido y denunciar la entrega de dinero proveniente del crimen organizado o de cuello blanco.
“Gobernadora, gobernadores y jefa de gobierno de la Ciudad de México les propongo de la manera más horizontal y respetuosa, que establezcamos un acuerdo nacional en favor de la democracia"", dijo el mandatario.
“Por mi parte les manifiesto que actuaré como siempre, con absoluta rectitud y en defensa de la soberanía popular, esto mismo les convoco a ustedes, concretamente les exhorto a que no intervengamos para apoyar a ningún candidato de ningún partido, a no permitir que se utiliza el presupuesto público con fines electorales, a denunciar la entrega de dinero del crimen organizado hola delincuencia de cuello blanco para financiar campañas, a impedir la compra de altares o conciencias, a no traficar con la pobreza de la gente, no solapar a mapaches electorales, evitar el acarreo y el relleno de urnas, la falsificación de actas y todas esas abominables prácticas ilegales antidemocráticas que deben quedar en el pasado de manera definitiva”, explicó.
En el salón Tesorería de Palacio Nacional, el mandatario exhortó a los gobernadores a seguir el ejemplo de Francisco I. Madero, cuyo principal aporte , indicó, se dio principalmente en el terreno de la democracia. 
También lee: Cantantes, ex Miss Universo y famosos tienen derecho a participar en política: AMLO
“Los convoco a que juntos hagamos historia, el acuerdo nacional por la democracia y su efectiva ejecución nos permitirá establecer en México la ansiedad democracia de manera perdurable, y ello elevará a nuestro país hasta lo más alto en el concierto de las naciones, atrás quedarán los malos recuerdos de siglos de imposiciones y fraudes electorales y nuestro pueblo con sus legítimas autoridades seguirán dando ejemplo de dignidad y grandeza”, dijo.
kl
",,https://www.eluniversal.com.mx/nacion/amlo-envia-carta-gobernadores-propone-establecer-acuerdo-nacional-por-la-democracia-ante
"
Si bien es cierto que Morena lidera en la mayoría de las encuestas y sondeos de opinión de preferencias electorales rumbo a los comicios de junio próximo, está muy lejos del porcentaje que, como partido, sacó en las elecciones de 2018 cuando AMLO estuvo en la boleta.
En estos momentos, Morena se encuentra en un margen de 35 por ciento en las preferencias ciudadanas, sin embargo, su tendencia es a la baja, mostrando que ya alcanzó un techo de votación que muy difícilmente podría superar por sí mismo. Este margen es muy inferior al 53 por ciento que el presidente López Obrador obtuvo en los comicios presidenciales. Es decir, entre AMLO y Morena existe una diferencia superior a 18 puntos, lo que marca una distancia entre la popularidad del presidente de la República y su partido.
Con estas cifras, podemos establecer que millones de mexicanos votaron por AMLO y no por Morena, y que, al hacerlo, marcaron claramente su distancia del partido y, quizá, de no volverle a otorgar el voto sin que AMLO aparezca en la papeleta electoral.
Al revisar los estudios de opinión que las diversas casas encuestadoras realizan sobre la popularidad del licenciado Andrés Manuel López Obrador, vemos un nivel de aprobación del 60 por ciento que ahonda aún más la diferencia de aceptación ciudadana entre el presidente y Morena.
AMLO muestra una gran capacidad para allegarse mayores simpatías ciudadanas y, al mismo tiempo, vemos a ciudadanos dispuestos a entregarle su simpatía al presidente de la República. En cambio, Morena por sí solo no ha sido capaz de ganar simpatías entre la población a pesar de contar con la mayor preferencia electoral de todos los partidos. Como lo mencionamos arriba, su tendencia es a perder respaldo popular, desplomándose dramáticamente más de 25 puntos por debajo de la aprobación presidencial promedio.
Los números muestran que la popularidad del presidente López Obrador no se está traduciendo en una mayor preferencia electoral para su partido, por lo que Morena no puede confiarse en que podrá navegar en el mismo barco de la popularidad presidencial de aquí a las elecciones del 6 de junio.
El error sería presentarse a los comicios como el seguro ganador sin hacer el trabajo previo para ganar una elección. Existen muchísimos ejemplos de elecciones que se daban por ganadas y que en una campaña se perdieron, márgenes holgados que en los procesos electorales se esfumaron y de partidos gobernantes que perdieron sus mayorías.
Este es el riesgo que enfrenta Morena si no apuesta por candidaturas con auténtico arraigo y liderazgo popular, si no concentra su esfuerzo en fortalecer la organización de estructura y si no enfrenta la campaña con un genuino espíritu de competencia para ganarse la confianza de la gente.
De no detener su tendencia a la baja y caer por debajo del 35 por ciento de las votaciones, corre el serio riesgo de perder la mayoría en la Cámara de Diputados. Sin mayoría, Morena no podrá aprobar por sí mismo el presupuesto, sus iniciativas quedarían sujetas a la negociación y lo más preocupante es que al perder la mayoría, podrían revertirse las reformas impulsadas por la Cuarta Transformación e instaurarse un proyecto de Nación distinto al impulsado por el presidente López Obrador.
Por estas razones, no es aconsejable apostarle todo a que la oposición se encuentra debilitada y prácticamente derrotada. Al menos en los comicios locales celebrados en el 2019 y el 2020, los resultados generales arrojan un panorama muy distinto para Morena.
En Aguascalientes solamente ganó una de 11 alcaldías, en Durango dos de 39 presidencias municipales, en Tamaulipas únicamente una de 22 distritos locales, en Puebla perdió 350 mil votos respecto a su resultado del 2018, gubernatura que pudo ganar gracias a la votación del PT y el Partido Verde, ya que el PAN los había superado en sufragios por partido. En el 2020 se desplomó 400 mil votos en Coahuila donde no ganó un solo Distrito y en Hidalgo retrocedió en las zonas urbanas con 700 mil votos menos de los alcanzados en la elección presidencial de hace dos años ganando solo 6 de 84 alcaldías en juego.
Sin AMLO en la boleta, Morena sufrió dolorosas derrotas y disminuyó considerablemente su votación. Quedó suficientemente demostrado que la gente hizo valoraciones diferentes en los escenarios locales, sopesó mucho más los perfiles de los candidatos y seguramente esa misma será la constante que prevalecerá en el 2021.
Por ejemplo, hace apenas seis meses, Morena como partido estaba arriba por amplio margen en las 15 gubernaturas a renovarse. Hoy, después de la designación de sus candidatos, las preferencias electorales se han ajustado. En Baja California Sur, Campeche, Nuevo León, Sinaloa, Sonora y Colima, la competencia será de a deveras y se peleará palmo a palmo. En Michoacán ganaba holgadamente por 3-1 y, en menos de medio año, ya está a un dígito.
En San Luis Potosí marginó a sus militantes fundadores para imponer a panistas y priistas que hasta hace poco denostaban públicamente a Morena y al presidente de la República, provocando su desplome al tercer lugar en las encuestas. En Nayarit, Guerrero, Zacatecas, Tlaxcala y Baja California se mantiene como puntero, mientras que el PAN ya consolidó su ventaja en Querétaro y comienza a despuntar en Chihuahua.
No hay de otra, los partidos y sus candidatos tienen que salir a competir como si fuera la primera vez, sin dormirse en los laureles, porque, así como sucede en la vida, tanto en política y más en elecciones, la soberbia es una muy mala consejera.
 

Senador.
",,http://www.eluniversal.com.mx/opinion/manuel-velasco-coello/morena-sin-amlo-la-baja
"
Al menos tres vectores parecen alinearse para fortalecer la expectativa de que Irma Eréndira Sandoval se halla en sus últimas semanas al frente de la Secretaría de la Función Pública. No solo es relevante por tratarse de una entidad importante en la administración López Obrador, sino porque alcanza a uno de los rostros más visibles del ala radical de la 4T.
Es probable que lo que parece ser la hora final de la señora Sandoval se explique por su incompetencia, o por participar en una facción política incómoda. Pero también podemos estar viendo los primeros escarceos de una ruptura con vistas a la disputa por el poder, este año y luego, en 2024.
1.- En los recientes ajustes al gabinete, por renuncias o por motivos electorales, Palacio Nacional retrasó la designación de al menos uno de los relevos porque el Presidente pidió considerar el relevo de la señora Sandoval, anticipado al menos desde diciembre. La decisión fue puesta nuevamente en suspenso por la delicadeza de otras posiciones que debían ser cubiertas, confirmaron a este espacio voces cercanas al proceso.
2.- Ha corrido la especie de que López Obrador atribuye a esta funcionaria y a su hermano, el político guerrerense Pablo Amílcar Sandoval, al menos parte de la ola de ataques en contra de la candidatura de Félix Salgado Macedonio para la gubernatura de Guerrero, colocado al centro de un importante episodio de indignación pública por las acusaciones de violación contra un número aún no delimitado de mujeres. Ello ha ensombrecido otros señalamientos que lo ligan al crimen organizado cuando se desempeñó como alcalde de Acapulco (2006-2008).
Están a la vista los testimonios de que el hermano de la secretaria Sandoval mostró activismo partidista virtualmente desde que fue designado “superdelegado” de los programas federales en el estado; que se promovió en anuncios espectaculares durante la consulta interna de Morena. Y que en todo ese trayecto contó con la promoción de su hermana desde las redes sociales, así como de su cuñado, el controvertido John Ackerman.
3.- Este fin de semana presenciamos algo nunca visto en la historia de la Secretaría de la Función Pública, que se remonta a 1982. Se trata de la denuncia pública de la Auditoría Superior de la Federación (herramienta vital en el diseño constitucional de equilibrio de poderes) contra la oficina de la señora Sandoval, formalmente su par y aliada en la supervisión del gobierno federal.
La acusación incluye casos graves de incompetencia, como haber revisado solo un puñado, menos de 100, de las más de 500 mil declaraciones patrimoniales de funcionarios. Pero también, obstaculizar las tareas de la propia ASF en diversas pesquisas.
En los hechos, la secretaria Sandoval es ya insostenible. Lo interesante será el próximo movimiento de la facción a la que pertenece dentro de la 4T.

APUNTES:
Ignacio Ovalle otorgó, en el ya muy lejano 1977, el primer cargo de relevancia política que tuvo el ahora presidente López Obrador. En correspondencia, fue rescatado del retiro y nombrado al frente de Segalmex, que este fin de semana ameritó un reporte de la citada ASF por irregularidades en el manejo de más de 3,000 millones de pesos. El funcionario, de 75 años, está sentado sobre un enjambre de intereses que involucra, ya con la 4T, a directivos anteriores (René Gavira) y actuales (Manuel Lozano Jiménez, Óscar Navarro) en la disputa por el manejo de contratos hasta por 6,000 millones de pesos anuales para proveer a las subsidiarias Liconsa y Diconsa. La tensión amaga con enlodar lo que seguramente será el último tramo en la vida pública de Ovalle. Desde el entorno inmediato al Presidente se impulsa como eventual relevo a Rodrigo Rojas Navarrete, un muy joven nieto de Ifigenia Martínez, cercana a los afectos presidenciales. 
",,http://www.eluniversal.com.mx/opinion/roberto-rock-l/la-hora-final-de-irma-erendira
"

Cinco de los cómplices de los desvíos millonarios realizados durante el mandato del exgobernador de Chihuahua César Duarte han regresado 19 millones 200 mil pesos y se convirtieron en testigos colaboradores de la Fiscalía General de Justicia del Estado (FGJE) para proceder contra el exmandatario en el sexenio pasado.

Documentos a los que tuvo acceso EL UNIVERSAL señalan que, de acuerdo con las investigaciones de la FGJE, el exmandatario mantenía una supuesta nómina secreta, a través de la cual fueron desviados aproximadamente mil millones de pesos del erario de Chihuahua.

El dinero, según las pesquisas, fue entregado a más de 100 personas entre 2010 y 2016, periodo en el que Duarte fue gobernador; los fondos provenían de las cuentas bancarias destinadas al gasto operativo y pago de nómina de empleados estatales.

Las autoridades detectaron que, de esas cuentas, mensualmente se emitían cheques de 5 a 20 millones de pesos que se depositaban en una empresa de traslado de valores que hacía llegar el dinero de forma líquida a las oficinas de la Tesorería estatal.
 También lee: Rechazan amparo de exgobernador César Duarte para evitar extradición a México

Este dinero era resguardado en efectivo en una bóveda y se entregaba a funcionarios, candidatos, dirigentes de distintos partidos políticos locales y nacionales, medios de comunicación, periodistas, líderes sindicales, parientes y amigos de Duarte.
 

De las más de 100 personas identificadas como parte de la nómina secreta, cinco confesaron que recibieron ilegalmente recursos del estado y solicitaron un criterio de oportunidad para devolver el dinero y, en lugar de ser acusados, se convirtieron en testigos colaboradores del Ministerio Público (MP).

Se trata de Fernando Reyes Ramírez, exdiputado local por Movimiento Ciudadano (MC), quien regresó 2.4 millones de pesos; Armando Cabada, actual alcalde de Ciudad Juárez y quien a su vez es candidato a diputado federal plurinominal por Morena, también aceptó haber recibido dinero durante la administración de Duarte y regresó 4.3 millones de pesos.
 Fernando Reyes Ramírez. Foto: ESPECIAL.
 

Javier Contreras Orozco, exdiretor del periódico El Heraldo de Chihuahua, regresó 10 millones de pesos; Hortensia Aragón Castillo, exdiputada local y expresidenta estatal del PRD, devolvió 2 millones de pesos, y Teokali Hidalgo, expresidenta municipal del PRI en Chihuahua, quien regresó 500 mil pesos.
 Javier Contreras Orozco. Foto: ESPECIAL.
 

La FGJE ha señalado que el dinero se entregaba en sobres o paquetes en las oficinas de la Tesorería estatal o en el estacionamiento subterráneo de la misma, y sus destinatarios firmaban recibos de puño y letra para amparar la entrega del dinero.
 Teokali Hidalgo. Foto: ARCHIVO EL UNIVERSAL.
 

Hasta ahora la Secretaría de la Función Pública (SFP) tiene registrados 470 recibos firmados por 34 personas entre 2014 y 2015 por un monto de 172 millones 633 mil pesos en total.
 Hortensia Aragón Castillo. Foto: ESPECIAL.
 

Al menos 14 exfuncionarios participaron en la entrega y recepción de 45 millones de ese total de más de 172 millones.

Por las irregularidades cometidas durante el mandato de Duarte ya fue sentenciado el extesorero del PRI estatal Pedro Mauli; hay órdenes de aprehensión contra Duarte y su hermano Sixto, y el exlíder nacional juvenil del PRI Cristopher James Barousse está vinculado a proceso y en prisión preventiva por recibir pagos mensuales por 2.6 millones de pesos a su nombre y al de su madre.
 Armando Cabada. Foto: ARCHIVO EL UNIVERSAL.
 

También, el gobierno de Chihuahua presentó una solicitud de procedencia ante la Cámara de Diputados en contra del senador Cruz Pérez Cuéllar y la fiscalía judicializó la carpeta de investigación contra los exdiputados locales Rodrigo de la Rosa, María Ávila, María Eugenia Campos y César Jáuregui Moreno.

Duarte fue detenido en Estados Unidos el 8 de julio de 2020 y permanece a la espera de que una jueza del Distrito Sur de Florida, en Miami, EU, dicte sentencia en la que determinará si concede o no su extradición.

El pasado 23 de enero se realizó la última audiencia en el juicio de extradición y la juez no emitió su resolución durante la diligencia, por lo que aclaró que dará a conocer su decisión por escrito a las partes.
 También lee: Sin sentencia; así termina audiencia de extradición de César Duarte desde Miami

Previamente a la diligencia, la defensa del exgobernador presentó un escrito ante la jueza, en el que señaló que, de ser extraditado a México, su vida correría peligro, pues afirmó que otros políticos acusados por la fiscalía de Chihuahua, y relacionados con las acusaciones en su contra, han muerto en prisión.

Acusaron que los testigos utilizados por la FGJE para declarar contra César Duarte fueron coaccionados y que el gobierno mexicano no presentó evidencias suficientes de que el exmandatario desvió recursos públicos.

Estas argumentaciones serán analizadas por la jueza estadounidense, quien se encargará de decidir si el exgobernador debe o no ser entregado a México.

De concederse su extradición, Duarte enfrenta 20 órdenes de aprehensión que la fiscalía tiene pendientes por cumplimentar en su contra, por delitos como peculado, desvío de recursos públicos y relacionados a fines electorales, entre otros.

El pasado 10 de febrero el gobierno de Chihuahua informó que el Juzgado Cuarto de Distrito de Amparo en Materia Penal de la Ciudad de México negó la protección federal que Duarte solicitó para evitar ser extraditado, aunque su defensa puede impugnar la sentencia.
",,http://www.eluniversal.com.mx/nacion/van-contra-duarte-con-cinco-testigos
"

Imaginemos que usted es el encargado de la construcción de una presa o de diseñar una campaña de alfabetización. Son tareas que requieren un cierto conocimiento pero que además no son inaugurales, no son las primeras veces que se realizan, de tal suerte que existe una experiencia acumulada que le puede ser útil. Puede nutrirse de ella, aprender, ajustar, descartar, es decir, no tiene por qué empezar de cero como si fuera a descubrir la piedra filosofal, porque lo más probable es que acabe “revelando” el agua tibia.

Cuando uno lee las declaraciones gubernamentales —y sobre todo las de sus múltiples ecos— sobre la campaña de vacunación contra el Covid parecería que México empieza a caminar por un sendero hasta hoy inexplorado. Se trata quizá de la política pública más relevante, necesaria y esperada, si es que aspiramos por un lado a salvar vidas y por el otro a frenar el desplome económico y los impactos sociales que ha desencadenado la irrupción del Covid. No es posible infravalorar el grado de dificultad de esa misión, ni su magnitud, ni el esfuerzo humano, financiero y de logística que reclama. Pero, caray, todo parece indicar que la larga y fructífera experiencia que existe en México sobre el tema ha sido borrada o minusvaluada (incluso profesionales de la salud que laboran en el actual gobierno y que en el pasado participaron en campañas de vacunación parece que no son tomados en cuenta). Y por eso el primer día de vacunación en la capital pareció que a los viejos se les trataba como conejillos de indias; se estaba experimentando con ellos. No en relación a la vacuna que sin duda era útil y necesaria, sino en la fórmula que los sometió a una tortura innecesaria de 4, 5, 6 y hasta 7 horas de espera (por fortuna, luego se corrigió, y después las vacunas se acabaron y no alcanzaron para todos los mayores de 60 años de las tres alcaldías).

La historia de la vacunación en México está documentada. Por ejemplo: la vacuna contra la viruela se hizo obligatoria en 1926. Y hay otras fechas icónicas: desde 1948 se aplica la vacuna combinada contra la tosferina y difteria, desde 1956 contra la poliomielitis que en 1962 se vuelve oral, en 1971 la anti sarampión, en 1973 se crea el Programa Nacional de Inmunizaciones aplicando simultáneamente 5 vacunas contra 6 enfermedades (tuberculosis, poliomielitis, difteria, tosferina-tétanos y sarampión), y en 1991 el Programa de Vacunación Universal; y no le sigo, porque la historia merecería una enciclopedia, y lo único que quiero subrayar es que México cuenta con una amplia experiencia que no parece estar siendo recogida por las actuales autoridades.

¿O dónde podemos leer el plan de vacunación contra el Covid? Por supuesto que lo primero es conseguir las vacunas, porque, así como no se puede hacer caldo de gallina sin gallina, no hay campaña de vacunación sin vacunas. Y en ese renglón ¿no deberían ser públicos los acuerdos con las diversas empresas, para conocer cuándo estarán entre nosotros? ¿Pero no debería darse a conocer, además —no solo por la obligada transparencia sino para inyectar algunas certezas en el ánimo público— el esquema de vacunación a seguir (sus fases, plazos, territorios, edades), su organización, logística, los participantes y su conjunción, las mediciones periódicas de avances y obstáculos?, en fin, una guía que emitiera alguna luz y algunas certezas ante el inmenso reto que significa lograr la inmunidad en un país como el nuestro.
  

Profesor de la UNAM.
",,http://www.eluniversal.com.mx/opinion/jose-woldenberg/vacunar
"
A partir de mañana y hasta el 5 de marzo continuará el Plan Nacional de Vacunación en la Ciudad de México, con la aplicación de 200 mil dosis de la vacuna Sputnik V en personas adultas mayores de 60 años y más residentes de las alcaldías de Iztacalco, Tláhuac y Xochimilco.
Igual que en Cuajimalpa, Magdalena Contreras y Milpa Alta, las tres nuevas demarcaciones fueron elegidas debido a que concentran cerca 195 mil adultos mayores, por lo que la cantidad de dosis que se recibirán corresponden al mismo número.
Según el gobierno federal, hay 79 mil 595 adultos mayores en Iztacalco; 49 mil 816, en Tláhuac, y 65 mil 169, en Xochimilco, para un total de 194 mil 580.
“En esta ocasión, y por las características de esta vacuna, que debe conservarse a menos 20 grados, vamos a cambiar el esquema. En vez de unidades distribuidas en el territorio, vamos a tener macrounidades de vacunación con características especiales”, expresó la jefa de Gobierno, Claudia Sheinbaum.
El miércoles se instalarán seis macrounidades vacunadoras; dos por cada alcaldía y tendrán congeladores para la conservación del biológico, por lo que en cada una habrá al menos 30 células de vacunación.
El esquema para que puedan ser vacunados tuvo un ligero cambio, ya que, como requisito, se aplicará la dosis mediante una cita con previo registro en https://mivacuna.salud.gob.mx y se asignará con un mensaje de texto SMS el día, hora y sede, conforme a la letra inicial del primer apellido y un calendario.
En caso de que un adulto de 60 años y más no esté registrado, se recomienda que acuda el día que corresponda a la primera letra del apellido paterno.
Cristina Ruiz, enlace del gobierno federal para la implementación del programa nacional de vacunación en la capital, dijo que se prevén aplicar 20 mil dosis al día y que al concluir su aplicación se notificará cuándo será la cita para la segunda dosis.
También lee: Sheinbaum pide no exponer a adultos mayores ante filas para vacunación contra Covid
Iztacalco tendrá como macrounidades el Palacio de los Deportes y la Escuela Nacional de Educación Física; Tláhuac, el Bosque de Tláhuac y Hospital General Tláhuac, mientras que Xochimilco, la Preparatoria 1 Gabino Barreda y el Deportivo Xochimilco.
 

El Programa Nacional de Vacunación continúa en la Ciudad a partir de este miércoles, en las alcaldías @Alc_Tlahuac, @XochimilcoAl e @IztacalcoAl.
 Junto con el @GobiernoMX, vacunaremos en 6 macrounidades a 200 mil adultos de 60 años y más.
 Toda la info:https://t.co/3I9PxucScx pic.twitter.com/VOClbv8Miy
 — Claudia Sheinbaum (@Claudiashein) February 22, 2021


lr/rdmd 
",,https://www.eluniversal.com.mx/metropoli/donde-y-como-vacunaran-contra-covid-19-en-tlahuac-iztacalco-y-xochimilco
"
Red Bull Racing presentó los monoplazas para la temporada 2021 de la Fórmula Uno, de los cuales uno lo correrá el mexicano Sergio Pérez. La escudería austriaca mostró los RB16B, con los que competirá por el campeonato mundial ante Mercedes.
“La presentación del nuevo automóvil del equipo se produce antes de su primera aparición en la pista cuando Max [Verstappen] y Sergio lo pondrán a prueba por primera vez durante un día oficial de filmación. El piloto de prueba y reserva Alex también estará disponible, recopilando comentarios y conduciendo un RB15 mientras el equipo se prepara para la nueva campaña”, informó el equipo.
Puedes leer: ""América pide disculpas a sus aficionados, tras la resolución de la Disciplinaria""
En la superficie, las primeras imágenes del bólido sugieren que no ha cambiado demasiado durante el invierno, aunque Red Bull aseguró que sus diseñadores no tomaron un descanso, ya que las grandes modificaciones se verán en 2022, cuando se implementen las nuevas galas en la F1.
“El día de filmación en Silverstone no solo proporcionará imágenes del RB16B para que los medios y los socios utilicen en el período previo a la primera carrera en Bahrein, sino que también les dará a los Bulls una primera indicación de lo que pueden esperar cuando se dirijan al Golfo. estado para la única prueba de pretemporada de este año que comienza el 12 de marzo”. Para Pérez, será su primera campaña en Red Bull, en su año 11 dentro de la máxima categoría de la Fórmula Uno.
 

But different  #ChargeOn  pic.twitter.com/GRx2ccICyG
 — Red Bull Racing (@redbullracing) February 23, 2021
  
",,https://www.eluniversal.com.mx/universal-deportes/mas-deportes/checo-perez-conoce-el-auto-con-el-que-correra-el-mexicano-con-red
"
Este martes, se lanzó al mercado mexicano Apple Pay para pagos móviles en México a través del iPhone y el Apple Watch.
""Hoy más que nunca, nuestros clientes quieren una opción de pago fácil, segura y sin contacto”, dijo Jennifer Bailey, vicepresidenta de Apple Pay en Apple.
En un comunicado, Bailey destacó que trabajan con bancos, redes de pago y comercios de todo México para habilitar el uso de Apple Pay en las apps y tiendas más importantes del país.
Esta nueva solución tecnológica de Apple garantiza la seguridad de la información de sus usuarios como son sus datos personales, transacciones y datos de tarjeta de crédito o débito.
“Al agregar una tarjeta, este número no queda almacenado en el dispositivo ni en los servidores de Apple, en cambio, se asigna un número de cuenta al dispositivo que queda cifrado y almacenado de forma segura en el Secure Element”, detalla la empresa.
También lee: Apple podría desaparecer el iPhone mini por baja demanda
Después de este proceso, cada transacción se autoriza mediante un código de seguridad dinámico y único generado en el momento.
“Apple no guarda información sobre las compras que luego podrían ser vinculadas al cliente. Todas las transacciones quedan entre el usuario, el comerciante o desarrollador, y el banco o emisor de la tarjeta”, destaca.
Además, si el usuario pierde su dispositivo puede usar la funcionalidad Buscar Mi iPhone para suspender los pagos desde ese teléfono.
En este momento, Apple Pay es compatible con las tarjetas de crédito y débito de American Express y Mastercard, emitidas por Citibanamex y Banorte y, próximamente, Inbursa.
Para pagar con Apple Pay  debes acercar el iPhone o Apple Watch a la terminal de pago sin contacto y autenticar la identidad mediante Face ID o Touch ID.
vcr/rdmd 
",,https://www.eluniversal.com.mx/cartera/apple-pay-comienza-ofrecer-servicio-en-mexico
"

El presidente lleva una mala racha. Por eso desde la semana pasada anda de malas y eso se transparenta en su conferencia mañanera. Primero, las vacunas que no llegaban, luego que llegaron a cuentagotas, luego que dejaron de llegar. Y México sigue en el sótano de vacunación del mundo. Segundo, la revuelta de indignación que desató el caso Félix Salgado Macedonio, de quien el presidente López Obrador es abogado de oficio, a un alto costo político. Y tercero, el informe de la Auditoría Superior de la Federación que encontró en el primer año de gobierno de AMLO el doble de irregularidades que en el primer año de gobierno… ¡de Peña Nieto!

Las obras emblemáticas del presidente están cuestionadas por malos manejos. Sus programas sociales insignia, como fuente de desvíos. Sus decisiones, exhibidas en su torpeza e improvisación. Sus instituciones creadas, rompiendo récords de irregularidades. Sus funcionarios consentidos, bajo sospecha.

López Obrador está obsesionado con pasar a la historia. Lo está logrando: el reporte de la Auditoría Superior sobre su primer año de gobierno lo ubica como el presidente más caro de la historia. Sus decisiones le han salido carísimas al pueblo de México.

Cancelar el aeropuerto de Texcoco nos iba a costar 100 mil millones de pesos. Costó 331 mil millones de pesos tirarlo a la basura, el triple de lo que nos habían dicho. Cuando lo canceló, el presidente dijo que nos íbamos a ahorrar 230 mil millones. Nada. ¿Y el de Santa Lucía? No tiene garantizada su operación.

La refinería de Dos Bocas es inviable económicamente. Es decir, es otro tiradero de dinero. Además, su asignación de contratos es opaca.

Tren Maya. La Auditoría solicitó a Fonatur aclarar el uso de 156 millones de pesos porque no cumplió con disposiciones legales ni normativas.

Lo de Segalmex, la Conasupo de López Obrador, rompe todos los récords: 3 mil 300 millones de pesos de posible daño al erario. Pago a personas inexistentes, compras no acreditadas de frijol y maíz, pagos a sobreprecio.

Conade. 187 millones de pesos de irregularidades. Contratos a modo y “moches” para una empresa propiedad de funcionarios.

Jóvenes Construyendo el Futuro. Irregularidades por 57 millones de pesos. Las becas de la SEP se pagaron también a 68 personas muertas.

Uno a uno, los pilares de la administración obradorista colapsan ante la Auditoría. Y eso que es sólo el primer año de gobierno…

Paliza.

Qué caro le está saliendo a México López Obrador. Lo poco que había lo ha destruido. Y eso sale caro. Lo que inventa no sirve. Y eso sale caro. Lo que echa a andar, nace corrupto. Y eso sale caro. Lo dicho: el presidente más caro de la historia.
SACIAMORBOS. Y mientras, algunos, bajo el aura de la austeridad… esquiando en Colorado.
 

[email protected]
",,http://www.eluniversal.com.mx/opinion/carlos-loret-de-mola/el-presidente-mas-caro-de-la-historia
"
El presidente Andrés Manuel López Obrador planteó que la detención de Emma Coronel, esposa de Joaquín “El Chapo” Guzmán, exlíder del Cartel de Sinaloa, se pudo llevar a cabo por las autoridades de Estados Unidos para obtener más información sobre los vínculos que tenía Genaro García Luna, exsecretario de Seguridad Pública, con la delincuencia organizada. 
En conferencia de prensa matutina, a la que asiste como invitado especial el presidente de Argentina, Alberto Fernández, el titular del Ejecutivo federal indicó que ese tema correspondía a las autoridades de Estados Unidos. 
“Es un problema que, como se sabe su esposo está detenido también, agreguen de que está detenido el que era secretario de Seguridad Pública  (Genaro García Luna) durante el gobierno de Calderón acusado de recibir sobornos del señor Guzmán Loera a lo mejor por eso es también la detención de qué tienen más información ,de cómo se daba la relación, de cómo se llevaba a cabo en contubernio porque eso también fue un distintivo de los gobiernos neoliberales, la asociación delictuosa entre autoridad y delincuencia"", señaló el mandatario.
“No se sabía dónde terminaba la delincuencia y donde empezaba la autoridad entonces puede ser por eso ojalá informen más los del gobierno de Estados Unidos pero eso es un asunto que les corresponde a ellos”, agregó.
Ayer lunes, el gobierno de Estados Unidos detuvo ayer a Emma Coronel Aispuro, esposa de Joaquín El Chapo Guzmán, acusada de un delito de narcotráfico, y hoy tendrá su primera vista con un juez federal. La mujer fue capturada en el aeropuerto de Dulles (Virginia), la terminal con vuelos internacionales más cercana a Washington DC.
También lee: Emma Coronel, una reina de belleza que extendió su reinado a Instagram
Coronel Aispuro está acusada de conspiración para distribuir al menos un kilogramo de heroína, cinco kilogramos o más de cocaína, más de mil kilos de marihuana y 500 gramos o más de metanfetaminas. Según la declaración jurada del agente del FBI que llevó el caso ante la justicia de Estados Unidos, la mujer “era consciente de envíos de múltiples toneladas de cocaína, marihuana y metanfetaminas, y de producción de kilogramos de heroína.
",,https://www.eluniversal.com.mx/nacion/amlo-detencion-de-emma-coronel-esposa-de-el-chapo-en-eu-podria-generar-mas-informacion-de
"

Dependencias y entidades con irregularidades en la revisión de la Cuenta Pública 2019 han emprendido una masiva descalificación en contra del auditor David Colmenares Páramo, nos señalan. Tal ha sido la fuerza de la embestida, que líderes de oposición le han entrado al quite defendiendo al funcionario a través de redes sociales. Pese a la controversia generada entre la Auditoría y el gobierno de la autollamada Cuarta Transformación por los resultados del análisis del gasto en el primer año de la actual administración, ayer el auditor decidió no entrar en conflictos y no abundar sobre el asunto mientras el vendaval pasaba frente a él. Don David debe guardar fuerzas, pues seguramente recibirá metralla por algún tiempo en la conferencia de prensa mañanera y, en otro frente, las granjas de bots comenzaran a hacer lo suyo.

Funcionario del IPN perdonó pago de 400 millones a aseguradora

Tras el sismo del pasado 19 de septiembre de 2017, inmuebles del Instituto Politécnico Nacional (IPN) sufrieron graves daños, y nos recuerdan que por aquellos días las autoridades dijeron que harían frente a la reconstrucción, debido a que contaban con una póliza de siniestros que tenían contratada con la aseguradora AXA por más de mil 900 millones de pesos. La reconstrucción se llevó a cabo en medio de varios cuestionamientos de la comunidad politécnica, nos comentan, de que la aseguradora no pagó los nuevos edificios. Según las publicaciones oficiales del IPN, la reconstrucción costó en total 518 millones de pesos, de los cuales AXA sólo pagó 109 millones, eso significa que los 409 millones restantes los pagó el Politécnico. ¿Quién le perdonó el pago a la aseguradora y utilizó el dinero del IPN para terminar la reconstrucción? Ahora se sabe que el Órgano Interno de Control del IPN ha determinado que Jorge Quintana Reyna, actual secretario de Administración, fue quien hizo que el Politécnico pagara lo que correspondía a AXA. Ayer, en el oficio 11/013/03/593/2021, firmado por Juan Manuel Balmori Ramírez, el IPN notificó que emitió un Acuerdo de Calificación de Falta Administrativa, advirtiendo faltas graves por abuso de funciones. ¿Se recuperará el dinero de la reconstrucción? Es la pregunta que todos le hacen a Arturo Reyes Sandoval, el nuevo director general del IPN.
 

Fernández y Ebrard celebran logro latinoamericano

Mensaje del presidente argentino Alberto Fernández.

Un logro para América Latina, así calificaron ayer de puño y letra el presidente de Argentina, Alberto Fernández, y el canciller de México, Marcelo Ebrard, el hecho de que se estén envasando en territorio mexicano las vacunas de AstraZeneca producidas con una sustancia activa elaborada en Argentina. En el libro de visitas en el que ambos escribieron un mensaje tras su recorrido por la planta del laboratorio mexicano Liomont en Ocoyoacac, Estado de México, tanto el presidente huésped como el canciller destacaron la importancia de este esfuerzo conjunto para combatir en América Latina la pandemia de Covid-19.
 Mensaje del canciller Marcelo Ebrard.
 

Morena, sigue la mata dando

Donde no termina el pleito por la elección de candidatos a gubernaturas es en Morena. Nos relatan que ayer al grito de “No a la imposición”,  simpatizantes y militantes morenistas en San Luis Potosí se manifestaron en la capital de ese estado para dar un ultimátum a Mario Delgado, líder nacional del partido, a fin de que en un plazo máximo de 5 días deshaga los acuerdos políticos a través de los cuales, nos aseguran, fueron designados la expriista Mónica Rangel y el expanista Xavier Nava en las candidaturas a la gubernatura y a la capital potosina, respectivamente; también le demandaron el retiro de esas postulaciones. Sin embargo, todo indica que esas demandas no serán nada viables, pues afirman que si en Guerrero no han bajado a Félix Salgado Macedonio pese a la tormenta de críticas que enfrenta el partido, las designaciones en San Luis son pecata minuta.
",,http://www.eluniversal.com.mx/opinion/periodistas-el-universal/tunde-la-4t-al-auditor
"
Desde el Aeropuerto Internacional de la Ciudad de México, Pedro Zenteno Santaella, director de Birmex, informó la llegada de otro embarque con 511 mil 875 vacunas de Pfizer BioNTech, contra coronavirus.
Durante un enlace en Palacio Nacional, el funcionario detalló que de estas dosis, 386 mil 100 se quedarán en la Ciudad de México y 125 mil 775 se enviarán a Nuevo León a fin de aplicar segundas dosis a personal de salud que atiende a pacientes con Covid.
A su vez, el presidente Andrés Manuel López Obrador celebró que sigan llegando vacunas al país y enfatizó que el plan de vacunación contra coronavirus no se va a detener, previó que para abril, todos los adultos mayores de México cuenten con al menos la primera dosis del biológico.
“Ya se inició el plan de vacunación, no se va a detener, ya estamos a punto de terminar vacunación de personal de salud que está en hospitales covid, ya están vacunados casi todos los que están salvando vidas, arriesgando sus vidas, eso fue lo primero y empezamos vacunación de adultos mayores porque se asegura que si se vacuna a adultos mayores de 60 años se logra reducir mortalidad por Covid en 80%, pensamos que para abril tendremos vacunados cuando menos con una dosis a todos los adultos mayores del país”.
El mandatario enfatizó que la vacuna contra Covid-19 es de carácter universal y gratuita, “así como se está haciendo en Argentina y vamos hacia adelante enfrentando la crisis sanitaria y económica y vamos a salir porque es mucha la fortaleza de Argentina, del pueblo de México, hemos enfrentado muchas adversidades, calamidades de todo tipo y siempre se sale adelante”, dijo.
 

Desde el aeropuerto de la CDMX informa el Dr Pedro Zenteno, Director de BIRMEX, que arribaron las vacunas de Pfizer provenientes de Bélgica. Son
511 875 dosis.
 — Marcelo Ebrard C. (@m_ebrard) February 23, 2021


 
",,https://www.eluniversal.com.mx/nacion/llegan-mexico-511-mil-875-vacunas-contra-covid-de-pfizer
"
En octubre de 2018 se suscitó en Teloloapan, Guerrero, un violento enfrentamiento entre policías comunitarios y miembros de La Familia Michoacana. Durante dos días seguidos hubo reportes de tiroteos en diversas zonas del municipio. Cuatro delincuentes perdieron la vida y otros dos quedaron heridos.
La policía comunitaria de Teloloapan había sido creada por el exalcalde Pedro Pablo Urióstegui (1990-1993) para detener, según declaró él mismo, la ola de secuestros, asesinatos y extorsiones que La Familia Michoacana había desatado en la región norte del estado.
El hijo de Urióstegui, un muchacho de 27 años, había sido secuestrado por el grupo criminal. Jamás volvió a saberse de él.
La policía comunitaria fundada por Urióstegui se echó a cuestas la misión de detener el paso de La Familia Michoacana hacia la ciudad de Iguala.
Muy pronto, sin embargo, fue desconocida por el Frente Unido de Policía Comunitarias del Estado de Guerrero, FUPCEG, que agrupa a más de diez mil elementos y opera en 30 municipios del estado. La razón: se habían descubierto los vínculos del grupo de Urióstegui con una de las organizaciones delincuenciales más poderosas del estado: los Guerreros Unidos.
Se acusó a los comunitarios de Teloloapan de estar al servicio de este grupo criminal y a Urióstegui de recibir armas y recursos procedentes de la delincuencia.
El exalcalde, operador de la candidatura de Félix Salgado Macedonio en la zona norte de Guerrero, tenía un largo historial de acusaciones y detenciones por portación de explosivos y armas de uso reservado, así como por ataques a las vías de comunicación.
Había pasado del PRD al PRI y establecido contactos con el cacique de Guerrero, Rubén Figueroa.
El 17 de febrero, un hombre de aproximadamente 60 años, asesinado con verdadera saña, fue hallado en un camino de San Martín Pachivia, municipio de Ixcateopan. Los agentes de la fiscalía regional observaron que el desconocido tenía un tiro en el ojo, así como señales de haber recibido una brutal golpiza. Tenía un trozo de cuerda atado a una de las manos.
La policía levantó 11 casquillos de 7.62 milímetros. Había una cartulina a un lado. Con letra cuidada —“la escribió alguien que tiene preparación”, confió una fuente local— habían escrito lo siguiente:
“Una gran disculpa a la ciudadanía en general, lo que menos queremos es que tengan miedo, pero estamos cansados de injusticias no importándole la tranquilidad o la vida de los demás, por lo que le pasó esto a esta persona”.
Se confirmó horas más tarde que aquel era el cadáver de Pedro Pablo Urióstegui. Sus familiares habían reportado su desaparición días atrás. El cuerpo fue hallado junto a una construcción modesta. Se indaga si el exalcalde estaba ahí escondido o fue llevado ahí por sus verdugos.
Unos días antes había concedido una entrevista confesando que operaba en la zona norte la candidatura de Salgado Macedonio, de quien era compadre, y manifestando su apoyo radical al gobierno de Andrés Manuel López Obrador.
Versiones policiacas indican que Urióstegui estaba enfrentado con el grupo criminal conocido como Los Tlacos, brazo armado de la policía comunitaria General Heliodoro Castillo, que encabeza Onésimo Marquina, conocido como El Necho.
Ligados al Cártel Jalisco Nueva Generación, Los Tlacos protagonizaron el año pasado un feroz enfrentamiento que duró seis horas y dejó diez muertos en el poblado de Tianquizolco.
En dicha región, los Guerreros Unidos sostienen una cruenta guerra por el control de las minas y los sembradíos de amapola. Centenares de familias han sido desplazadas por el clima de violencia.
En ese contexto ocurre el asesinato del oscuro Pedro Pablo Urióstegui, uno más de los muertos que la corrupción y la violencia desatada han dejado en Guerrero.
Por la forma en que el exalcalde fue torturado y ejecutado, fuentes cercanas a la investigación afirman que este homicidio es, sin lugar a dudas, un mensaje. ¿De quién? ¿Para quién?
No se augura nada bueno para Guerrero.
",,http://www.eluniversal.com.mx/opinion/hector-de-mauleon/el-asesinato-del-oscuro-pedro-pablo-uriostegui
"
México se encuentra en el séptimo sitio a nivel global y primero de América Latina entre los que reciben correos maliciosos, es decir, los que llegan con archivos adjuntos dañinos o enlaces a sitios de phishing, reveló el Informe de Spam y Phishing 2020 de Kaspersky.
Según la investigación, 3.34% de los usuarios de las soluciones de seguridad de la firma que recibieron este tipo de mensajes en su correo electrónico fueron mexicanos.
A nivel regional, le sigue Brasil con 3.33%, mientras que el Top 3 global está encabezado por España con 8.48%, Alemania con 7.05%) y Rusia con 5.87%.
“El año pasado, la proporción de spam sobre el tráfico de correo global disminuyó en comparación con el año anterior, y su promedio mensual fue del 50.37%. Esto puede deberse a la transición hacia el teletrabajo y, en consecuencia, a un aumento en el volumen de correspondencia legítima”, detalla el reporte.
En cuanto a los ataques de phishing, Brasil se colocó como el líder mundial con mayor proporción de usuarios atacados con 19.94% del total.
“En 2020, el sistema Antiphishing de Kaspersky neutralizó 434.898.635 intentos de llevar a los usuarios a páginas fraudulentas”.
“Esto demuestra que las campañas y alertas sobre este tipo de estafas han sensibilizado a los usuarios. Sin embargo, aún queda mucho por hacer, pues las estadísticas siguen siendo muy altas”, comenta Fabio Assolini, analista senior de seguridad en Kaspersky.
vcr
",,https://www.eluniversal.com.mx/cartera/mexicanos-reciben-la-mayor-cantidad-de-correos-maliciosos-de-la-region
"

Al presidente Andrés Manuel López Obrador se le acabaron las excusas. El Informe de Resultados de la Cuenta Pública 2019 confirma que en su gobierno sí hay corrupción, y mucha. El reporte de la Auditoría Superior de la Federación expone que en su primer año de su gestión se presentaron irregularidades por más de 100 mil millones de pesos en el manejo de recursos públicos.

Una revisión completa al informe revela que 56 mil millones de pesos corresponden al gasto federalizado, es decir, a los recursos cuyo ejercicio es responsabilidad de los gobiernos estatales. La mala noticia es que la cifra de 44 mil millones les corresponde a los funcionarios de su gobierno y es mayor a los 30 mil millones que se malversaron en el último año de la administración de Enrique Peña Nieto, señalada como “la más corrupta de la historia”.

Para poner claros los números, en el Informe de Resultados de la Cuenta Pública 2018 se determinaron irregularidades por 174 mil millones de pesos al ejercicio del presupuesto, una cifra 74% superior a la que se reporta para el primer año de la Cuarta Transformación. No obstante, de ese monto de irregularidades durante el cierre del sexenio priísta, 144 mil millones correspondieron a gasto federalizado, mientras que el restante se refiere a los recursos malversados por las dependencias del gobierno peñista, es decir, un monto menor que el de la gestión actual.

En suma, el gobierno de la 4T presentó en su primer año de administración un monto de irregularidades 47% superior al de su antecesor, aquel que en palabras del propio López Obrador saqueó al país y cometió excesos; el mismo que debería ser llevado ante la justicia.

Más devastador aún es que en 2019 se registró una reducción de 61% en las irregularidades determinadas al gasto federalizado, lo que significa que, en contraste con el gobierno federal, los gobernadores, la gran mayoría de oposición, sí mejoraron sus resultados en esta materia.

Pero como se vio ayer en la conferencia matutina, el Presidente no está dispuesto a aceptar sus errores ni a sancionar a sus funcionarios. Ejemplos abundan en la materia, como las investigaciones y acciones que se han detenido contra el exsubsecretario de Gobierno, Ricardo Peralta, las cuales han sido ventiladas por al actual Administrador General de Aduanas, Horacio Duarte, y que han llevado a varios de los operadores de los puntos fronterizos a acumular denuncias ante la Fiscalía General de la República. O el caso del director general de la CFE, Manuel Bartlett, señalado como propietario de un imperio inmobiliario y exonerado por el actual gobierno y su Secretaría de la Función Pública.

Las irregularidades presentadas por el equipo de David Colmenares son un golpe directo a la secretaria Irma Eréndira Sandoval, responsable de la operación de todas y cada una de las contralorías en las dependencias de gobierno. La funcionaria fue exhibida por los auditores como un obstáculo para los trabajos de transparencia, de la misma manera en que meses atrás se evidenciaron también sus múltiples propiedades y las de su familia.

Lejos se ve la posibilidad de que irregularidades como las que presentan en la Secretaría de Cultura, de Alejandra Frausto, por alrededor de 3 mil millones de pesos, sean esclarecidas; o que la candidatura de David Monreal en Zacatecas le sea retirada por no acreditar un gasto transparente de los recursos del Programa ganadero Crédito a la Palabra.
  

[email protected]
Twitter: @MarioMal
",,http://www.eluniversal.com.mx/opinion/mario-maldonado/amlo-supero-pena-en-irregularidades
"
Para este martes en la Ciudad de México la temperatura máxima será 26 grados Celsius (°C); habrá un ascenso de la temperatura, el ambiente estará caluroso durante el día, de acuerdo con el reporte meteorológico de la Secretaría de Gestión Integral de Riesgos y Protección Civil (SGIRPC). 
 
Durante el día, el cielo estará despejado a medio nublado sin lluvia. Soplará viento de componente Norte de 15 a 30 kilómetros por hora (km/h). Se recomienda evitar actividades al aire libre por mala calidad del aire.
 
Por la noche, el termómetro marcará 19°C y el ambiente estará fresco; continuará el descenso de la temperatura hasta la mañana del miércoles con una mínima de 10°C.
También lee: Pronostican hasta 1 grado centígrado para alcaldías de CDMX; activan alerta naranja

rdmd 
",,https://www.eluniversal.com.mx/metropoli/dia-caluroso-en-la-cdmx-se-esperan-temperaturas-maximas-de-26-grados
"
El presidente Andrés Manuel López Obrador calificó a la ONU como un “florero” por permitir el acaparamiento de vacunas contra Covid-19 por parte de 10 países.
Acompañado por el presidente de Argentina, en Palacio Nacional, el presidente López Obrador señaló que es necesario la intervención de Naciones Unidas para que todos los países del mundo tengan acceso a biológico. 
“La ONU tiene que intervenir, porque parece un florero, está de adorno”, expresó el titular del Ejecutivo mexicano.   
Lee también Entre el desorden y la aglomeración, vacunan a los abuelos
Recordó que desde hace seis meses México propuso ante la ONU que se evitara el acaparamiento de medicamentos y vacunas, se creó un mecanismo en el organismo internacional, pero no está funcionando, porque de  80 países que tienen acceso a la vacuna, 10 concentran el 80% y el resto donde está México tienen 20%, pero hay más de 100 países que no tienen una sola dosis, eso es injusto. 
“¿Dónde está la fraternidad universal?”, cuestionó el Mandatario. 
Su homólogo de Argentina, Alberto Fernández, expresó que junto con el presidente de Francia, Emmanuel Macron, la idea de plantear en el G20 que la vacuna contra el Covid-19 sea un bien global. 
Lee también Israel ya vacunó a casi 50% de su población; funcionario explica cómo lo lograron
“De modo tal que  los derechos intelectuales y todos los países puedan producir libremente en los mismos países, el propósito es el mismo que platea el presidente Andrés Manuel López Obrador y es uno de los temas que tenemos en la carpeta para hablar con él porque México es parte del G20, es una de las ideas que vengo a proponerle al Presidente”.
cg
",,https://www.eluniversal.com.mx/nacion/onu-un-florero-en-acaparamiento-de-vacunas-amlo
"
La captura de Emma Coronel en Virginia, Estados Unidos, acusada de cargos de narcotráfico por el Departamento de Justicia, revive el debate sobre el papel de las mujeres metidas en el violento y lucrativo mundo del narcotráfico, un fenómeno tan antiguo como la industria ilegal de las drogas pero creciente y cambiante en las últimas décadas en las que las participantes del sexo femenino han cobrado un rol más protagónico e importante en esta actividad, donde lo mismo hay burreras, sembradoras, sicarias, halcones o familiares, que otras que son parejas, en algunos casos a la fuerza y en otros por consentimiento propio, de los líderes del narco.
Al igual que otras mujeres mexicanas, la joven Coronel pasó de ser en un principio víctima de circunstancias que la llevaron a relacionarse con un capo poderoso que le doblaba la edad a transformarse después en una compañera, partícipe y conocedora de las actividades delictivas de su esposo, Joaquín El Chapo Guzmán, y a disfrutar también del dinero y el poder que le daba ser la pareja sentimental y madre de las hijas del poderoso capo del Cártel de Sinaloa.
Emma nació, por lazos familiares, relacionada con el mundo del narcotráfico el 3 de julio de 1989 en California, Estados Unidos, por lo que tenía la doble nacionalidad. Sus padres Inés Coronel Barreras y Blanca Estela Aispuro Aispuro, se la llevaron muy pequeña a La Angostura, Sinaloa, donde creció siempre rodeada por un mundo de narcotraficantes con los que tenía vínculos familares directos. Su padre, apodado “El Uno” o “El Suegro” era primo de Ignacio “Nacho” Coronel, jefe de operaciones del Cártel sinaloense en Guadalajara, asesinado en 2010, y aunque oficialmente Inés Coronel figuraba como “ganadero y agricultor” en La Angostura, en 2013 fue detenido en Agua Prieta, Sonora, luego de que el Departamento del Tesoro lo ubicara en una lista como operador del cártel sinaloense en Durango y Sonora.
A los 17 años, en una fiesta de pueblo en Canelas, Durango, en el año 2006, Emma conoció a Joaquín Guzmán Loera y comenzó una relación con El Chapo, con quien se uniría un año después, en 2007, en una boda que fue relatada por el periodista Julio Scherer en la revista Proceso, pero que luego sería desmentida por Ismael El Mayo Zambada en la entrevista que el capo sinaolense le concedió al mismo Scherer en la que le reclamó que todo lo que había dicho sobre la supuesta boda entre Emma y Joaquín había sido mentira y que la boda nunca existió. Como sea, en aquel 2007 en Canelas, la joven Coronel ganó el certamen de belleza en “El Festival del Café y La Guayaba”, y para celebrarla Joaquín Guzmán llegó con tres bandas de tambora y a partir de ahí estuvieron juntos y en el año 2011 se convirtieron en padres de las gemelas Emmaly y María Joaquina, quienes nacieron el 15 de agosto de aquel año en Lancaster, al norte de Los Angeles.
Emma Coronel se convirtió en una especie de símbolo y ejemplo de las mujeres que terminan enganchadas e involucradas en el mundo del narco. Pasó de ser una joven reina de belleza a convertirse en esposa de un poderoso capo y su transformación en una mujer moderna, siempre con ropa de marca y joyas y accesorios de diseñador, llamó la atención mediática. Fueron ella y sus hijas el señuelo con el que los integrantes de una célula especial de la Secretaría de Marina, estuvieron cazando a Joaquín Guzmán durante las fiestas decembrinas de 2015, en las que el narcotraficante prófugo, que había escapado por un túnel del penal de alta seguridad de Almoloya seis meses antes, bajó la guardia para visitar a su esposa e hijas en una casa de la ciudad de Los Mochis.
Los marinos que habían montado guardia especial en la residencia del fraccionamiento Residencial Miramar, ubicada a unas calles de la casa donde vivía el entonces gobernador de Sinaloa, Mario López Valdez, se percataron de la presencia del Chapo, que había llegado unos días antes, en los primeros días de enero de 2016, y comenzaron a preparar el operativo para su captura, que terminaría con 6 muertos y otra fuga espectacular del narco por el drenaje de Los Mochis para después robar un auto y ser capturado en la carretera por una patrulla de Policía Federal que atendió el reporte del auto robado, sin saber a quién estaban deteniendo en un primer momento.
Emma nunca fue investigada ni mencionada por las autoridades mexicanas como parte de la organización delictiva que encabezaba su marido, sin embargo, fue en el juicio de Joaquín Guzmán Loera, en la Corte Federal del Este de Nueva York, donde su nombre salió a relucir, luego de que un testigo asegurara que ella estaba al tanto de los negocios ilícitos de su esposo y que se mostraran mensajes en los que El Chapo le daba instrucciones específicas de a quién llamar y qué cosas hacer. Ya para entonces la joven Coronel había llamado la atención de la prensa no sólo por su papel de esposa del enjuiciado, sino por su presencia siempre espectacular, ataviada a la moda y portando siempre bolsos y accesorios de marca, lo que hizo que alguna prensa sensacionalista de Estados Unidos la bautizara como “La Kardashian mexicana”, por su parecido con las populares hermanas neoyorkinas.
Después de que estuvo presente en la audiencia del 17 de julio de 2019, cuando se dictó la sentencia de cadena perpetua para su esposo Joaquín Guzmán, como lo había estado prácticamente en todo el juicio, Emma Coronel fue vista 10 días después, el 27 de julio, en Venecia, Italia, a donde se fue de vacaciones. Luego, el 15 de agosto de aquel año, se filtraron imágenes de la lujosa fiesta con la que celebró los 9 años de vida de sus gemelas en Estados Unidos. Desde entonces no había habido noticias de ella hasta que ayer su nombre apareció en la prensa y en una orden del Departamento de Justicia de Estados Unidos, ya no como “la esposa del Chapo”, sino acusada ella misma de delitos de tráfico de drogas y conspiración para introducir cocaína, marihuana, heroína y metanfetaminas a los Estados Unidos.
Cuando la capturaron en el aeropuerto de Dulles, Virginia, Emma Coronel lucía como siempre impecable y era la viva imagen de una mujer mexicana que nació, creció y se relacionó con el mundo del narco. De no haber sido por su nombre y su apellido, los policías del Departamento de Justicia pudieron haberla confundido con una joven modelo de 31 años de edad, con nacionalidad estadounidense y mexicana. Era, sin duda, una mujer que escaló hasta la cima de un mundo criminal en el que tal vez ella entró sin tener otra alternativa, como muchas otras mujeres mexicanas, pero se asimiló y pasó de víctima a ser ahora acusada. ¿Cuántas Emmas más hay en México y en otros países atrapadas, por voluntad o a veces a la fuerza, en el mundo criminal de las drogas?

NOTAS INDISCRETAS…
El presidente de Argentina, Alberto Fernández, aparecerá hoy como invitado en la conferencia mañanera en Palacio Nacional. El mandatario sudamericano tendrá una reunión a las 6:30 con el presidente López Obrador que lo recibirá en su despacho y, después de un rápido desayuno, lo llevará ante la prensa para mostrar la muy cercana relación que existe entre los dos gobiernos y entre ambos presidentes. Fernández, del Partido Justicialista y que ganó el poder por la Coalición Frente por Todos, heredero del neoperonismo de los Kirchner, es parte del ala izquierdista en América Latina y tiene una buena relación con el gobierno lopezobradorista. Ayer por la mañana el presidente argentino arribó a México y se reunió con un grupo de empresarios mexicanos que tienen inversiones en su país, entre los que estuvieron Armando Garza Sada, Antonio del Valle, Armando Torrado Martínez, David Coppel, José Luis Berrondo y Carlos Rojas. Después de ese encuentro acompañó al canciller Marcelo Ebrard en un recurrido por la planta del laboratorio Liomont en Ocoyoacac, Estado de México, en donde se están envasando las vacunas de Astra-Zeneca que compartirán México y Argentina. Después de que aparezca en la conferencia mañanera, el presidente Fernández se trasladará a Iguala, Guerrero, en donde será invitado de honor en una ceremonia conmemorativa de los 200 años de la Independencia de México y 500 años del inicio de la Resistencia Indígena en el continente americano. Así que veremos con esta visita del presidente Fernández, cómo se sella la alianza izquierdista latinoamericana, que hoy tiene a México y Argentina, como sus principales ejes tras los tropiezos y problemas del régimen bolivariano de Nicolás Maduro en Venezuela y los conflictos políticos en la Bolivia de Evo Morales… Se baten los dados. Serpiente.
",,http://www.eluniversal.com.mx/opinion/salvador-garcia-soto/emma-coronel-y-las-mujeres-del-narco
"
El Instituto Serum de India, el mayor fabricante de vacunas del mundo, envió el martes su primer lote de vacunas antiCovid-19 para el programa mundial de inoculación Covax.
El esfuerzo de adquisición y distribución equitativa de vacunas a nivel mundial tiene como objetivo asegurar las vacunas para al menos el 20% de la población más vulnerable de cada país.
Covax, dirigido por la Organización Mundial de la Salud (OMS) y la alianza GAVI, llegó a acuerdos con los fabricantes para 2 mil millones de dosis en 2021 y tiene la opción de otros mil millones. 
Lee también: Reino Unido aspira a nueva normalidad para junio
Esto incluye mil 100 millones de dosis del Instituto Serum, que produce las vacunas AstraZeneca y Novavax.
La OMS del sudeste asiático tuiteó fotos de los primeros envíos cargados en un camión en las instalaciones de fabricación de Serum en Pune, al oeste de India. Serum ya suministró al gobierno indio millones de dosis de la vacuna de AstraZeneca, así como a otros países más pobres.
El director de la empresa, Adar Poonawalla, instó el domingo a otros países a ser ""pacientes"", afirmando que había recibido instrucciones de dar prioridad a su mercado interno sobre las exportaciones.
agv
",,https://www.eluniversal.com.mx/mundo/coronavirus-instituto-serum-de-india-envia-primeras-vacunas-anticovid-para-programa-covax-de
"

Ecatepec, Méx.— Sin separarse de su tanque de oxígeno, Felipa de León Contreras, de 79 años y con afecciones cardíacas y pulmonares, fue una de las primeras en ser vacunada contra el Covid-19 en Ecatepec, que es el municipio metropolitano con mayores contagios y defunciones de esa enfermedad.

Con su hija Yolanda se formó durante más de una hora y media en las inmediaciones del Centro Cultural Deportivo Las Américas, que se convirtió en el centro de aplicación del antígeno más grande de los que hasta ahora han funcionado en el país.

“Mi madre no puede quedarse sin oxígeno porque se pone mal, lleva ocho años conectada a un tanque por su problema cardíaco y pulmonar, y el que traemos sólo le dura unas horas, por eso me tuve que meter en la fila para que me dejaran entrar.
 También lee: La pandemia exhibe el envejecimiento de la población y de políticas públicas
 

“Ya le aplicaron la vacuna y estamos tranquilas. Tres horas nos tardamos en lograrlo, pero nos tendremos que ir rápido a la casa para que se conecte al tanque grande que tenemos allá”, dijo.

Con largas filas, sin respetar la sana distancia y con problemas en la logística y falta de información, inició la aplicación de vacunas en Ecatepec.

El gobierno federal destinó las 200 mil vacunas Sinovac, que llegaron el fin de semana procedentes de China, exclusivamente para este municipio, pues es el de mayor número de infecciones y muertes del Estado de México.
 Muchos vecinos se formaron después de la medianoche del domingo para ser de los primeros en recibir el antígeno.


Entre el desorden y la aglomeración, vacunan a adultos mayores 






 También lee: Sheinbaum pide no exponer a adultos mayores ante filas para vacunación contra Covid
 “Mi hija Cecilia llegó a la 1 de la mañana a formarse y ya había 20 personas adelante de ella. Ya después llegamos mi esposa y yo, y ya nos pusieron la vacuna. Estamos satisfechos porque eso es lo que queríamos”, contó Juan, vecino de la colonia Valle de Aragón.
 Las autoridades de Ecatepec calcularon que durante el primer día llegaron más de 4 mil personas, quienes se formaron para esperar su turno.
 Algunos familiares hasta cargaron a los adultos para que pudieran recibir la dosis.

En los accesos había gente inconforme que le reclamaba a gritos a los servidores de la nación, pues no había información clara sobre el procedimiento que tenían que hacer para que sus familiares pudieran ingresar.

Muchos de los residentes llevaron su silla de ruedas, muletas o andadera y son los que tuvieron prioridad en la atención.
 También lee: PAN pide consideración a adultos mayores ante vacunación contra Covid-19

“Registré a mi mamá en internet desde hace varios días y me dieron la cita a las 10:00 horas, pero al llegar aquí no están respetando la cita, entonces para qué nos pidieron que nos registráramos”, comentó Angelina, de Ciudad Azteca.
 El alcalde, Fernando Vilchis, informó que ya llegaron al municipio 65 mil vacunas y que durante el primer día se aplicaron 4 mil 800. Pidió paciencia a la población y afirmó que todos los adultos serán vacunados.
 Los servidores de la nación no resolvieron dudas y reclamos de los inconformes, acusaron asistentes.

En total serán 10 módulos los que atenderán a toda la población mayor de 60 años, con lo que Ecatepec se convertirá en el primer municipio del país en inmunizar a ese grupo de edad. A partir de hoy se sumarán el Multideportivo Las Américas, Deportivo Ejidal Emiliano Zapata, los centros cívicos Melchor Múzquiz, Benito Juárez (El Chamizal) y el de Río de Luz. El miércoles se incorporarán tres sedes (Deportivo Bicentenario Hank González, Chiconautla 3000 y la Universidad del Valle de Ecatepec). En total, serán 25 días en los que se aplique la vacuna, por lo que las autoridades locales solicitaron calma.
 También lee: CDMX alista estrategia para evitar filas en vacunación de adultos mayores contra Covid-19

Elementos de la Guardia Nacional trasladaron el lote de vacunas y custodiaron al personal del Instituto de Salud del Estado de México durante la aplicación del biológico.

Hasta el corte del domingo, suman 28 mil 731 casos positivos de coronavirus en Ecatepec y 4 mil 38 defunciones.
",,http://www.eluniversal.com.mx/metropoli/entre-el-desorden-y-la-aglomeracion-vacunan-los-abuelos
"
El presidente de Argentina, Alberto Fernández, aseguró que dentro de las 73 personas que se vacunaron de manera “irregular” en su país, había quienes debían recibir la dosis por estrategia, argumentó que él recibió la vacuna Sputnik V debido a que una campaña de la oposición señaló que este biológico era veneno. 
“Argentina, es conocido que se vacunó a 73 personas de manera irregular, había quienes estratégicamente debían vacunarse, ponen a Alberto Fernández que se la puso indebidamente, yo me la puse porque los medios decían que no se podía poner la vacuna rusa, y por el mismo motivo accedieron muchos otros gobernadores que no son oficialistas, porque había una campaña para hacer sentir que la Sputnik era veneno y me denunciaron por distribuir veneno y los que me denunciaron ahora piden que les dé ese veneno y consiga más veneno”, dijo. 
Desde Palacio Nacional, el mandatario argentino resaltó que el tema de las vacunas es “sensible” y debe ser tratado con seriedad para evitar que se politice, llamó a las autoridades de su país a trabajar e investigar actos delictivos que ocurrieron antes de su mandato. 
Lee también ONU, un florero en acaparamiento de vacunas: AMLO
“He leído que hicieron una denuncia, el hecho del ex ministro de salud Ginés González para que haya debido dejar su cargo, pero terminemos con las payasadas, pido a los fiscales que hagan lo que deben, no hay alguien que diga, una ley que diga que será castigado el que se adelantó en la fila y no se pueden construir delitos graciosamente, si quieren trabajar tienen muchos delitos por investigar, el terrible y lamentable endeudamiento que Argentina vivió que no fue otra cosa más que para amigos del poder, el vaciamiento del Congreso, el negocio de parques eólicos, miren todo lo que tienen para investigar y no investigan”. 
Sin embargo, el presidente Alberto Fernández reconoció que vacunarse antes de tiempo es reprobable, y no se puede avalar que alguien se “salte la fila”, pero reiteró que dentro de la lista de 73 personas que fueron vacunadas y la cual fue dada a conocer por la ministra de salud, Carla Vizzotti, hay quienes debían ser inmunizados. 
“El hecho es reprobable no se puede avalar que alguien tenga posibilidad de adelantarse en vacunación, pero pido que sean estrictos porque en esas listas aparecen personas que deben vacunarse por características de acción, porque su vida queda expuesta, a mí difícilmente me corran con estas lógicas, yo detesto los privilegios no los ejerzo ni me valgo de ellos, no soporto que eso ocurra, lamento que algunos lo hayan hecho y hablé con mi conducta y lo que pido a algunos fiscales es el esfuerzo de releer el código penal, ya hicieron bastantes sinvergüenzadas, podemos dar cuenta de todo lo que hacemos y en este punto ya hicimos la cuenta”. 
Lee también Escándalo por vacunas en Argentina: Alberto Fernández pide la renuncia del ministro de salud
El presidente de Argentina enfatizó que él dio la orden de que se dieran a conocer los nombres de las personas que fueron vacunadas con anticipación, y resaltó que esto fue por estrategia y para generar confianza en la gente para que se aplique la dosis rusa. 
“Ayer hablé con Carla, le di la orden que dé la lista de personas que aparentemente recibieron vacunación saltando protocolos, repito, que algunos se saltaron por situación estratégica y otros porque los diarios escribían que estábamos envenenando a la gente y le daban eco a las barrabasadas de la oposición, pero dije; que se pongan todos los nombres y se dieron a conocer ayer”.
cg
",,https://www.eluniversal.com.mx/nacion/me-vacune-para-demostrar-que-sputnik-no-era-veneno-presidente-de-argentina
"

“La sátira es el arma
más eficaz contra el poder:
el poder no soporta el humor”
Dario Fo.
 

Define la RAE payaso como una persona que hace reír con sus dichos o sus gestos, pero aunque el término también es entendido como un insulto, la verdad es que un payaso puede convertirse en un arma sumamente poderosa.
Con todo el respeto a la investidura presidencial y con los atentos saludos a las hordas de bots del sistema que atacarán este texto, nuestro presidente es el más payaso de todos.
López Obrador puede ser un hombre que desborda ira desde su púlpito pero también sabe que el sentido del humor ha sido un elemento clave en su carrera política, por ejemplo, el presidente ama endilgar motes a sus adversarios, ¿se acuerda del Ricky riquín canallín o del Comandante Borolas?
Habrá quien, desde el discurso políticamente correcto, se alarme y considere que el mandatario es un irrespetuoso destructor de las reglas más elementales de la decencia política, ajá, quizá tengan razón, pero poco importa ya.
Una de las herramientas más duras que tiene la oposición, y que parece no usar, será, justamente, el sentido del humor.
Ese fraseo tan academicista, tan pulcro y tan técnico de los anti4T termina siendo una cascada soporífera de hueva inmensa y que, para colmo, casi nadie entiende.
Dirán que se abarata la política, ¿en serio?, ¿no se han dado cuenta de su entorno?, quizá, más bien, el buen sentido del humor podría hacerla un poco más digna.
En la faceta cómica del personaje que nos gobierna hay un grave problema: el hombre se repite con demasiada frecuencia, aquél hitazo de “los otros datos” hoy parece más bien un lugar común, ya da flojera, ya no sorprende.
Pero es lo único que hay, nuestra oposición no ha sabido construir empatía, está perdida en la indignación y en los datos duros que poquísimos comprenden.
Por ejemplo, hoy se publican ríos de tinta sobre la pifia de haber mandado 331 mil millones de pesos al caño, no es para menos, la ineptitud es indignante, la forma de quemar el dinero es una de las peores que hayamos visto en la historia y la respuesta de nuestro presidente es la misma: “yo tengo otros datos”.
¿Quién será el personaje que pueda ser contestatario, con la suficiente creatividad y preparación, para López Obrador?
No hay nadie, el presidente está acostumbrado a correr un maratón político todos los días y sus diletantes adversarios apenas pueden con los 100 metros.

DE COLOFÓN
Gran distractor la visita de don Alberto Fernández, allá bajan las aguas por el desastre de los altos funcionarios vacunados y aquí del desastre “a secas”. 
",,http://www.eluniversal.com.mx/opinion/luis-cardenas/un-presidente-muy-chistoso
"

La cancelación del aeropuerto de la Ciudad de México regresará a atormentarnos durante años. Ha sido un dolor de cabeza desde aquel octubre de 2018, cuando el entonces presidente electo tomó la decisión de eliminar el NAIM. Los costos de esa decisión han sido enormes, tanto los tangibles, los que podemos evaluar con certeza, como los de la inversión que no llegó, de las oportunidades que se cancelaron al mismo tiempo que el aeropuerto de Texcoco. No lo veo con nostalgia, no creo que de haber tenido ese aeropuerto todo sería miel sobre hojuelas. Tampoco creo que su construcción hubiera estado libre de corrupción o de conflictos. Considero que esos costos eran corregibles, mientras que los asociados a su cancelación serán más duraderos. Ese aeropuerto nos podría haber dado la posibilidad de convertir a México en un hub internacional para aprovechar por fin las ventajas geográficas del país. Pero el hubiera no existe.

Lo que sí existen son los costos asociados a esa decisión. La Auditoría Superior de la Federación concluyó que la cancelación del NAICM costará 331 mil 996 millones de pesos, monto 232% mayor a la estimación presentada por el Gobierno Federal en abril de 2019. De esa cantidad, prácticamente la mitad se erogó en 2019 y la otra mitad son gastos en curso que se derivan de obligaciones pendientes, incluyendo litigios y compromisos financieros.

Con cifras tan grandes es fácil perder la perspectiva, así que sirve hacer comparaciones. Esos 331 mil millones de pesos equivalen a:

El presupuesto total de la Secretaría de Educación Pública para este año.

El doble de lo presupuestado para estos programas sociales: pensiones para adultos mayores, becas Benito Juárez para educación media y superior, pensiones para personas con discapacidad, Jóvenes Construyendo el Futuro, Jóvenes Escribiendo el Futuro, Programa para el Mejoramiento Urbano y de Vivienda, Programa Nacional de Reconstrucción, Sembrando Vida y las Tandas para el Bienestar.

Prácticamente el presupuesto para el sistema de salud del ISSSTE.

136% del presupuesto asignado a la Secretaría de Salud.

5.8 veces el presupuesto de los organismos autónomos, incluyendo al INE (en año electoral), FGR, INEGI, CNDH, IFT, INAI, Cofece, Coneval, CRE y CNH. Si solo tomamos los cinco organismos reguladores y de transparencia, el costo de la cancelación cubriría 95 veces su presupuesto.

3 veces lo correspondiente a Defensa Nacional.

Casi 6 veces el presupuesto de la Secretaría de Comunicaciones y Transportes.

8.6 veces los recursos asignados a la Secretaría de Turismo.

Más de 12 veces de los fondos del Conacyt.

29 veces el presupuesto de la Secretaría de Cultura.

50 veces lo asignado a la Secretaría de Economía, en un año de enorme complejidad comercial.

Prácticamente 10 veces los recursos que se han utilizado para comprar vacunas contra el covid-19 de acuerdo con fuentes periodísticas a falta de datos disponibles.

El costo de 331 mil 996 millones de pesos no se da en el vacío. Se da en una época de profunda complejidad sanitaria y económica, en un momento en el que cualquier desperdicio de recursos implica desaprovechar la oportunidad de salvar vidas o recuperar empleos. Las decisiones cuestan. Las malas decisiones cuestan más. Y deberían obligar a reflexionar a quienes las toman y a quienes las padeceremos por mucho tiempo.
  

@ValeriaMoy
",,http://www.eluniversal.com.mx/opinion/valeria-moy/331-mil-millones-de-pesos-en-perspectiva
"

Susana Alexander siempre ha sido feminista. La actriz ha participado activamente contra la violencia de género y en 2017 se unió a la campaña contra el acoso sexual callejero #AlertaMujeresMX junto a otras actrices y activistas.

Pionera en la televisión mexicana, ha buscado cambiar el papel de la mujer en la sociedad y proyectar una imagen de independencia y valentía a partir de sus obras de teatro y su labor como productora.

En 1977 realizó su primer espectáculo sobre la mujer, titulado Si me permiten hablar —que está retomando en streaming—. en el que reúne poesía y prosa de voces femeninas de América Latina. Su labor ha prevalecido con el paso de los años con obras como Suya afectuosamente, Debiera haber obispas y Las mujeres no tenemos llenadero, con la que obtuvo un Premio a la obra más taquillera otorgado por romper el récord de funciones agotadas, en 2006.

Ser parte de la revolución feminista es importante para ella desde que participó en la publicación Fem, una de las primeras en abordar el tema, en 1976.
 También lee: Senadora denuncia a conductor de noticias por violencia política de genero en Aguascalientes

“Fue por Elena Poniatowska, porque hicimos un espectáculo que se llamaba Tres mujeres en la literatura mexicana; eran Sor Juana Inés de la Cruz, Pita Amor y Rosario Castellanos y ahí contribuíamos a una revista feminista que se llamaba Fem, donde en ese momento colaboraba la señora Poniatowska y ahí fue donde me acerqué a Marta Lamas, a ella y a otras feministas y entonces dije: ‘voy a hacer un espectáculo que sea la voz de las mujeres feministas en América Latina y que sean puras escritoras y poetas latinoamericanas (Si me permiten hablar)”, contó Alexander.

¿Ha visto una evolución en cuestión de violencia de género en México?

En Si me permiten hablar, al final hacía un diálogo con la gente y nunca se me olvidará lo que dijo un muchacho: ‘señora, usted tiene que comprender que nos va a costar mucho trabajo dejar todas las prerrogativas que hemos ganado’, eso se veía distinto hace 40 años y le dije: ‘lo entiendo, pero hay que cambiar, no puede ser que se siga manifestando el hombre de esta manera’. Sigue habiendo machismo, pero sí he visto cambio y me da gran ternura cuando veo a muchachos cargando a sus hijos en las cangureras, hace 40 años eso jamás se hubiera visto, ni que lavaran o plancharan, no era posible porque ellos eran ‘el hombre’. Lo que no cambia es la desesperación de estos hombres que no saben expresarse más que con golpes, no saben sentarse y hacer una reflexión con su mujer, no quieren nunca sentirse culpables”.
 “Lo que no cambia hasta ahora es la desesperación de estos hombres que no saben expresarse más que con golpes, no saben sentarse y hacer una reflexión con su mujer”
  

¿Qué hace falta en las políticas públicas y la respuesta de instancias gubernamentales frente a la violencia de género?

Algunos diputados no tienen la educación suficiente, ni siquiera los conocimientos, la educación para hacer una reflexión, son gente muy primaria, muy elemental. Antes había una tira cómica en los periódicos llamada Trucutu y era el hombre de las cavernas, así esta gente, porque por muy diputados que sean eso no quiere decir que tengan la calidad intelectual ni emocional para saber convivir con una mujer, una cosa es que sean diputados y otra cosa es tener todo eso que hace falta, se necesitan tanto hombres como mujeres para reflexionar.
 También lee: Van por capacitación en materia de género en 4T

Se ha abierto camino para mujeres en altos puestos, ¿qué piensa de que se creen estos modelos feministas?

Maravilloso, pero esas mujeres, todas tienen que tener una preparación. Si usted va a representar a un país, usted no debe ser ignorante porque una persona ignorante no hace más que lucrar, en cambio si la gente tiene una preparación y una capacidad de análisis, todo eso hará mejores diputados y diputadas y ciudadanos y ciudadanas.

Iniciativas legales en favor de la mujer, como la legislación sobre el aborto, ¿qué opinión le merecen?

¡Qué lucha tan larga ha sido esa! y aquí la quieren echar para atrás como todo, yo cuando oigo eso se me paran los pelos, Marta Lamas que ha luchado tanto por eso... Gracias a Dios en algunos estados permiten el aborto y eso es un decir porque recuerdo muy bien que Elena Poniatowska escribió un libro (La herida de Paulina) sobre una niña que no la dejaban abortar y que habían violado, aunque supuestamente la Constitución dice que ella tiene todo el derecho, esto fue en California.

¿Ha sido víctima de algún abuso en el ámbito personal o profesional?

Yo creo que desde muy chiquita. Hay una pintura bíblica que se llama ‘Susana y los viejos’ (de Tintoretto), la tal Susana está bañándose en un río y detrás están los viejos con los ojos libidinosos y a mí me pasó eso toda la vida, sí tuve momentos molestos.
 También lee: Paola Rojas. “Rompe el pacto”

Las redes sociales han sido plataforma de denuncias, ¿qué piensa de que la tecnología masifique este tipo de movimientos?

Muy bien, pero todo depende de la medida, porque siempre empieza bien un movimiento y a uno le da gusto, pero a los cuatro minutos quién sabe por qué ya se les pasó la mano, como la leche cuando la pones a hervir, ya sedesbordó, y eso es lo que echa a perder el esfuerzo de tantas otras mujeres que sí pusieron a hervir correctamente la leche, nada más hasta el punto de que no se caiga sino de hacer conciencia, hacer una reflexión; pero nunca falta la que sale del corral y echa a perder el esfuerzo de muchas otras.
",,http://www.eluniversal.com.mx/espectaculos/hay-diputados-que-parecen-hombres-de-las-cavernas-susana-alexander
"
Negociar, no aplicar el reglamento; mejor, negociar y seguir siendo tan amigos como siempre. Incluso, llegar a confundir el reglamento. Hay quienes asocian el artículo 36 con el 48, evidenciando su plena ignorancia sobre los temas calientes que tenía en la mesa la Comisión Disciplinaria.
Mikel Arriola mandó un documento a los equipos de la Liga MX el 29 de enero, en el que explica cambios extraordinarios al artículo 36: “En el contexto de la emergencia sanitaria ocasionada por el Covid-19, como caso de excepción, aquellos clubes que aún tengan derecho a registrar jugadores —de conformidad con la disposición referida en el párrafo anterior— podrán realizarlo bajo la interpretación de que: un jugador que no haya participado con ningún club es aquel que no ha jugado ningún minuto en el presente torneo, sin importar si el jugador alineó como suplente, sin haber entrado de cambio”, dice el comunicado enviado a los 18 clubes.
El artículo 48 de competencia dice: “Se considera alineación indebida: 1.— La participación de un jugador, ya sea como titular o suplente, o integrante del cuerpo técnico, que no esté registrado en la hoja de alineación. 2.— La intervención en un partido oficial de un jugador o integrante del cuerpo técnico que no esté registrado reglamentariamente por su club ante la Liga MX o FMF”. Nada que ver uno con otro.
PUEDES LEER: América pierde el liderato; Atlas entra en zona de repechaje
Ignorancia plena, porque hay quienes aseguraron que América no infringió reglamento alguno, ya que no jugó. Pero quedó claro que sí se equivocó, con la resolución dada a conocer anoche por la Comisión Disciplinaria, que le quitó los tres puntos.
América se equivocó, aunque no sea del agrado de nadie el artículo 48 de competencia, pero es el que hay. Atlas tenía derecho en reclamar y pedir revisión del caso, y nada tiene que ver su nivel futbolístico, como también dicen algunos jilgueros que cómo es posible que se atrevieran a pedir esto si sólo han anotado dos goles en el torneo. Terrible desconocimiento, y hacen de las redes sociales su mejor aliado.
Antes, cuando había un desacuerdo, se platicaba cara a cara o te llamaban por teléfono; hoy, gracias a Twitter, Facebook, Tiktok, Instagram y todo lo que se sume, subes tu queja —como en chismógrafo— y listo, a hacerse la víctima, aunque exista un trasfondo evidente.
¿Para qué está reglamentado el futbol, entonces?, ¿para pasárselo por encima?, o ¿lo que pasó en San Luis, que sigue muy lejano a lo real?
Eugenio Rivas tenía la excelsa oportunidad de ser claro en su comunicado, y lo fue con el caso del América. Si no hay castigo en el caso de Félix Torres, que explique con “manzanitas”, claro, y obviamente profundizar, porque existieron reportes del comisario con distintos datos.
@gvlo2008[email protected]
",,http://www.eluniversal.com.mx/opinion/gerardo-velazquez-de-leon/la-ignorancia-o-tapar-la-realidad
